"image_id","brightness_median","brightness_stdev","saturation_median","saturation_stdev","hue_median","hue_stdev","group","category"
1,76,50.26,48,30.55,46,45.26,"AI","Portre"
2,111,44.21,104,30.95,13,52.73,"AI","Portre"
3,211,38.01,58,35.85,14,27.95,"AI","Portre"
4,156,42.57,120,55.31,18,18.68,"AI","Portre"
5,190,51.98,69,39.13,15,20.54,"AI","Portre"
6,217,31.86,68,33.29,13,70.46,"AI","Portre"
7,32,33.9,78,36.34,18,66.04,"AI","Portre"
8,140,59.63,24,15.19,14,58.78,"AI","Portre"
9,144,56.14,35,22.64,21,70.01,"AI","Portre"
10,212,52.34,20,42.95,28,67.89,"AI","Portre"
11,235,52.07,7,41.18,154,72.22,"AI","Portre"
12,26,56.61,85,77.44,11,36.33,"AI","Portre"
13,75,52.52,73,45.33,21,46.5,"AI","Portre"
14,186,66.15,52,35.34,12,57.56,"AI","Portre"
15,164,44.44,97,35.69,207,35.4,"AI","Portre"
16,165,64.3,88,44.17,16,46.75,"AI","Portre"
17,166,54.86,69,36.74,13,68.19,"AI","Portre"
18,103,66.35,145,49.13,16,41.56,"AI","Portre"
19,200,44.71,84,24.29,10,45.53,"AI","Portre"
20,212,26.17,71,36.68,17,13.04,"AI","Portre"
21,207,41.94,10,49.79,23,86.22,"AI","Portre"
22,207,52.62,57,41.97,13,81.28,"AI","Portre"
23,177,55.85,84,34.09,13,78.11,"AI","Portre"
24,209,38.12,19,39.5,18,36.32,"AI","Portre"
25,212,28.46,71,38.99,18,15.47,"AI","Portre"
26,114,86.3,8,29.77,17,57.66,"AI","Portre"
27,103,57.92,35,24.9,15,73.35,"AI","Portre"
28,233,48.26,12,37.37,13,21.79,"AI","Portre"
29,254,83.79,0,42.29,0,52.7,"AI","Portre"
30,178,35.6,9,18.87,106,56.4,"AI","Portre"
31,70,49.08,0,4.72,0,26.4,"AI","Portre"
32,219,35.35,32,26.81,15,37.14,"AI","Portre"
33,191,71.74,90,44.58,19,60.06,"AI","Portre"
34,55,52.71,48,22.45,54,29.62,"AI","Portre"
35,133,56.18,61,50.98,16,58.18,"AI","Portre"
36,241,62.47,5,35.63,142,75.83,"AI","Portre"
37,59,44.78,76,27.07,15,22.54,"AI","Portre"
38,173,48.02,47,29.05,16,57.01,"AI","Portre"
39,192,34.71,30,29.07,24,42.24,"AI","Portre"
40,130,64.72,95,43.58,15,63.02,"AI","Portre"
41,215,70.41,71,50.77,9,67.77,"AI","Portre"
42,219,81.06,73,37.61,17,35.08,"AI","Portre"
43,168,42.09,49,36.28,15,77.61,"AI","Portre"
44,114,41.52,61,35.56,15,54.19,"AI","Portre"
45,78,59.34,71,42.02,21,28.53,"AI","Portre"
46,136,60.69,27,19.85,42,58.89,"AI","Portre"
47,40,46.63,76,45.47,14,81.94,"AI","Portre"
48,195,51.7,38,28.93,11,58.43,"AI","Portre"
49,173,47.84,106,52.7,15,19.42,"AI","Portre"
50,225,66.82,12,51.14,14,53.57,"AI","Portre"
51,192,47.52,45,48.21,48,67.52,"AI","Portre"
52,132,48.79,98,30.32,17,9.42,"AI","Portre"
53,166,41.52,172,33.13,193,17.98,"AI","Portre"
54,35,52.2,75,31.23,145,65.18,"AI","Portre"
55,206,53.57,47,35.06,11,77.41,"AI","Portre"
56,205,83.27,34,32.5,14,45.96,"AI","Portre"
57,135,51.13,60,17.71,9,88.76,"AI","Portre"
58,172,40.1,92,40.54,14,9.43,"AI","Portre"
59,148,57.26,95,27.61,10,18.4,"AI","Portre"
60,190,69.07,21,35.35,14,42.28,"AI","Portre"
61,93,49.56,55,40.31,23,48.83,"AI","Portre"
62,78,54.62,88,41.64,19,19.05,"AI","Portre"
63,70,52.22,28,26.51,28,64.37,"AI","Portre"
64,150,45.49,67,69.47,134,52.16,"AI","Portre"
65,109,58.38,112,49.36,16,38.79,"AI","Portre"
66,219,42.46,65,38.93,16,69.73,"AI","Portre"
67,63,48.97,48,32.54,12,59.05,"AI","Portre"
68,104,48.68,70,44.73,18,33.66,"AI","Portre"
69,205,50.83,73,43.08,14,52.44,"AI","Portre"
70,180,54.98,39,39.09,14,46.79,"AI","Portre"
71,237,87.58,2,32.37,7,79,"AI","Portre"
72,67,85.49,99,73.99,15,24.41,"AI","Portre"
73,74,68.49,69,45.03,18,47.8,"AI","Portre"
74,151,51.6,51,18.8,16,28.9,"AI","Portre"
75,87,63.89,72,36.4,13,43.25,"AI","Portre"
76,154,47.65,65,29.24,30,27.02,"AI","Portre"
77,72,52,72,36.93,11,96.71,"AI","Portre"
78,67,35.35,123,45.13,16,15.13,"AI","Portre"
79,74,62.77,91,43.78,14,58.53,"AI","Portre"
80,189,33.25,62,37.38,16,56.11,"AI","Portre"
81,239,19.09,33,30.14,13,41.16,"AI","Portre"
82,243,47.6,15,26.76,13,64.94,"AI","Portre"
83,107,51.38,15,34.44,34,53.98,"AI","Portre"
84,159,51.97,75,25.16,16,43.44,"AI","Portre"
85,180,43.72,32,23.09,144,68,"AI","Portre"
86,254,79.85,0,34.45,0,64.94,"AI","Portre"
87,63,44.69,122,59.66,13,46.85,"AI","Portre"
88,198,33.09,49,20.22,23,9.35,"AI","Portre"
89,41,57.9,69,37.81,12,79.93,"AI","Portre"
90,192,60.16,30,31.04,16,78.94,"AI","Portre"
1,100,64.86,69,68.29,40,30.12,"Human","Portre"
2,63,70.34,119,53.48,48,15.39,"Human","Portre"
3,61,69.63,118,49.01,21,30.97,"Human","Portre"
4,219,29.88,9,38.74,137,39.57,"Human","Portre"
5,215,35.81,8,48.91,127,52.3,"Human","Portre"
6,121,70.6,89,60.83,17,43.06,"Human","Portre"
7,128,62.93,88,61.13,15,47.71,"Human","Portre"
8,209,48.97,16,51.13,24,43.47,"Human","Portre"
9,83,66.42,49,34.66,79,49.2,"Human","Portre"
10,38,76.05,85,30.79,26,18.42,"Human","Portre"
11,224,47.88,48,26.7,148,38.27,"Human","Portre"
12,80,54.38,92,43.22,60,51.05,"Human","Portre"
13,221,57.57,102,52.81,20,33.56,"Human","Portre"
14,53,55.73,36,58.29,134,62.03,"Human","Portre"
15,85,55.15,151,61.81,155,67.2,"Human","Portre"
16,86,77.76,38,55.54,150,56.9,"Human","Portre"
17,227,55.54,24,58.13,20,7.8,"Human","Portre"
18,22,36.29,159,67.41,154,65.46,"Human","Portre"
19,151,78.84,64,47.35,135,54.02,"Human","Portre"
20,76,54.39,113,53.05,20,6.23,"Human","Portre"
21,131,63.71,48,58.79,50,31.57,"Human","Portre"
22,124,65.85,66,41.9,16,58.4,"Human","Portre"
23,150,70.02,127,73.01,51,94.71,"Human","Portre"
24,81,30.65,93,40.91,24,27.84,"Human","Portre"
25,137,66.35,109,48.78,33,84.14,"Human","Portre"
26,145,54.92,86,62.06,94,54.26,"Human","Portre"
27,138,84.39,63,70.4,143,62.51,"Human","Portre"
28,56,77.62,103,53.07,163,57.84,"Human","Portre"
29,213,67.17,20,55.58,85,66.27,"Human","Portre"
30,138,75.57,97,81.13,69,62.82,"Human","Portre"
31,169,71.71,52,88.82,135,67.38,"Human","Portre"
32,161,82.18,69,61.23,22,38.57,"Human","Portre"
33,201,47.25,59,58.72,21,37.09,"Human","Portre"
34,100,73.28,135,47.67,22,23.86,"Human","Portre"
35,227,85.38,92,40.15,252,105.94,"Human","Portre"
36,22,32.07,183,54.72,79,37.5,"Human","Portre"
37,235,85.09,211,58.12,10,117.1,"Human","Portre"
38,163,42.46,20,40.03,60,73.03,"Human","Portre"
39,193,70.37,85,67.39,17,15.77,"Human","Portre"
40,117,44.5,43,32.7,29,53.74,"Human","Portre"
41,104,66.29,22,33.01,36,46.87,"Human","Portre"
42,177,69.63,35,31.13,79,53.89,"Human","Portre"
43,77,78.05,100,60.37,28,116.82,"Human","Portre"
44,67,61.02,61,41.4,26,37.33,"Human","Portre"
45,148,57.48,65,96.4,104,35.15,"Human","Portre"
46,76,54.36,97,58.92,22,72.26,"Human","Portre"
47,109,68.32,43,53.51,121,65.95,"Human","Portre"
48,101,73.61,32,52.96,127,63.75,"Human","Portre"
49,108,94.32,49,46.98,142,74.68,"Human","Portre"
50,207,84.26,25,50.03,48,12.55,"Human","Portre"
51,176,81.28,13,68.67,143,53.11,"Human","Portre"
52,104,41.31,45,39.6,51,71.72,"Human","Portre"
53,202,60.18,87,60.37,42,52.69,"Human","Portre"
54,63,51.13,63,56.33,7,85.05,"Human","Portre"
55,184,73.18,130,71.16,140,65.71,"Human","Portre"
56,253,63.35,31,51.01,26,17.59,"Human","Portre"
57,118,83.91,69,55,106,67.6,"Human","Portre"
58,90,78.8,146,80.18,11,90.33,"Human","Portre"
59,80,60.55,46,29.85,38,71.51,"Human","Portre"
60,78,52.65,50,52.08,99,83.18,"Human","Portre"
61,42,59.03,162,80.6,42,41.22,"Human","Portre"
62,15,67.31,165,61.66,146,68.19,"Human","Portre"
63,144,45.43,56,45.74,149,64.36,"Human","Portre"
64,208,85.37,36,32.53,144,27.29,"Human","Portre"
65,108,75.91,72,73.71,29,87.3,"Human","Portre"
66,58,41.36,88,41.66,94,38.12,"Human","Portre"
67,89,45.93,48,37.92,21,38.38,"Human","Portre"
68,194,63.08,72,30.89,16,61.11,"Human","Portre"
69,82,61.55,58,55.58,25,48.77,"Human","Portre"
70,9,29.65,0,80.89,0,38.58,"Human","Portre"
71,1,39.47,0,104.42,0,21.8,"Human","Portre"
72,139,69.34,110,81.35,180,97.39,"Human","Portre"
73,80,56.05,71,51.09,58,76.82,"Human","Portre"
74,52,43.03,80,41.52,35,55.46,"Human","Portre"
75,113,36.63,101,49.77,153,94.27,"Human","Portre"
76,70,48.04,85,68.4,117,48.7,"Human","Portre"
77,125,66.46,47,32.47,146,55.77,"Human","Portre"
78,74,65.89,44,25.32,200,71.35,"Human","Portre"
79,92,59.74,42,24.29,205,99.6,"Human","Portre"
80,101,61.07,40,34.54,140,65.56,"Human","Portre"
81,140,50.1,28,24.87,28,97.51,"Human","Portre"
82,112,75.68,110,56.83,35,81.02,"Human","Portre"
83,83,47.44,81,58.74,19,54.94,"Human","Portre"
84,201,79.05,16,44.48,16,61.54,"Human","Portre"
85,79,68.46,51,33.37,16,3.69,"Human","Portre"
86,82,76.63,58,54.33,104,62.27,"Human","Portre"
87,129,39.99,47,44.15,120,51.18,"Human","Portre"
88,49,87.2,77,55,51,40.6,"Human","Portre"
89,194,57.59,71,52.08,35,99.59,"Human","Portre"
90,163,50.92,84,41.98,22,56.45,"Human","Portre"
1,89,64.97,118,55.71,41,22.86,"AI","Manzara"
2,204,53.67,8,58.14,116,54.29,"AI","Manzara"
3,107,50.35,92,57.63,114,48.57,"AI","Manzara"
4,38,53.06,63,61.62,143,58.31,"AI","Manzara"
5,132,59.74,67,25.8,164,52.64,"AI","Manzara"
6,190,60.29,17,15.28,131,50.08,"AI","Manzara"
7,81,46.53,101,45.43,47,44.29,"AI","Manzara"
8,193,53.16,11,20.19,26,30.71,"AI","Manzara"
9,112,46.2,97,62.95,62,22.57,"AI","Manzara"
10,145,57.68,59,62.65,56,54.54,"AI","Manzara"
11,174,56.25,64,15.81,183,104.06,"AI","Manzara"
12,94,49.09,87,51.34,27,55.01,"AI","Manzara"
13,195,62.22,7,58,57,63.31,"AI","Manzara"
14,177,57.49,44,44.83,142,68.83,"AI","Manzara"
15,236,30.73,10,10.79,158,80.51,"AI","Manzara"
16,61,52.58,69,43.38,116,64.5,"AI","Manzara"
17,237,82.29,6,18.56,49,26.26,"AI","Manzara"
18,224,31.07,28,39.47,143,63.7,"AI","Manzara"
19,96,55.42,123,65.54,51,48.59,"AI","Manzara"
20,148,40.64,91,50.51,24,61.37,"AI","Manzara"
21,92,30.17,53,46.47,147,62.54,"AI","Manzara"
22,103,48.79,107,53.38,41,47.86,"AI","Manzara"
23,50,53.56,91,47.44,42,114.38,"AI","Manzara"
24,139,53.79,43,44.98,72,47.72,"AI","Manzara"
25,197,53.17,56,48.6,139,62.81,"AI","Manzara"
26,203,49.96,42,29.52,141,59.51,"AI","Manzara"
27,134,61.7,86,64.71,41,46.52,"AI","Manzara"
28,148,45.41,61,56.98,47,55.3,"AI","Manzara"
29,153,60.54,45,26.49,146,60.34,"AI","Manzara"
30,74,56.78,37,25.81,130,44.03,"AI","Manzara"
31,112,37.8,78,58.12,126,49.06,"AI","Manzara"
32,70,35.55,127,74.51,21,39.39,"AI","Manzara"
33,122,36.57,134,50.63,38,34.4,"AI","Manzara"
34,88,49.91,76,35.68,38,53.19,"AI","Manzara"
35,87,57.72,50,60.74,61,63.14,"AI","Manzara"
36,94,56.91,43,40.84,40,9.79,"AI","Manzara"
37,99,59.36,89,37.99,104,52.71,"AI","Manzara"
38,112,51.77,109,60.82,23,51.47,"AI","Manzara"
39,79,46.84,55,58.4,93,62.43,"AI","Manzara"
40,124,60.91,78,57.79,85,36.34,"AI","Manzara"
41,89,48.6,81,40.04,135,42.54,"AI","Manzara"
42,129,48.31,83,44.77,50,51.97,"AI","Manzara"
43,161,41,125,51.04,27,27.76,"AI","Manzara"
44,92,44.07,58,54.16,55,51.8,"AI","Manzara"
45,169,44.88,134,61.43,150,55.15,"AI","Manzara"
46,159,55.41,72,63.5,151,68.61,"AI","Manzara"
47,117,45.67,77,69.34,54,48.63,"AI","Manzara"
48,112,38.41,111,41.34,169,14.57,"AI","Manzara"
49,82,53.3,71,35.61,140,44.73,"AI","Manzara"
50,103,52.45,83,65.95,35,20.75,"AI","Manzara"
51,112,51.88,55,44.48,52,59.26,"AI","Manzara"
52,62,48.56,62,49.21,26,65.6,"AI","Manzara"
53,137,45.84,51,70.89,35,47.69,"AI","Manzara"
54,96,47.75,34,53.46,58,53.99,"AI","Manzara"
55,160,46.13,53,39.47,31,58.38,"AI","Manzara"
56,181,39.09,31,34.59,72,48.32,"AI","Manzara"
57,97,71.52,102,70.84,50,59.29,"AI","Manzara"
58,175,41.01,45,20.16,154,13.9,"AI","Manzara"
59,134,44.02,63,42.07,57,42.19,"AI","Manzara"
60,103,54.06,86,56.28,85,39.35,"AI","Manzara"
61,171,43.15,68,50.61,28,56.05,"AI","Manzara"
62,201,67.28,7,72.33,19,32.22,"AI","Manzara"
63,242,48.6,19,49.67,145,57.77,"AI","Manzara"
64,113,44.6,98,57.83,36,77.48,"AI","Manzara"
65,131,50.4,149,60.44,73,51.26,"AI","Manzara"
66,94,42.22,74,68.08,82,40.11,"AI","Manzara"
67,151,50.08,111,60.2,59,43.66,"AI","Manzara"
68,208,31.87,47,31.41,146,48.59,"AI","Manzara"
69,180,46.18,26,14.17,147,56.65,"AI","Manzara"
70,77,48.04,143,59.15,63,24.25,"AI","Manzara"
71,81,62.82,63,60.65,43,62.38,"AI","Manzara"
72,179,49.4,59,57.36,24,53.53,"AI","Manzara"
73,198,64.48,17,38.91,106,52.83,"AI","Manzara"
74,103,40.79,70,51.28,28,58.04,"AI","Manzara"
75,70,58.62,65,44.09,28,111.13,"AI","Manzara"
76,189,38.26,25,31.22,130,46.93,"AI","Manzara"
77,161,22.82,61,33.42,140,50.22,"AI","Manzara"
78,174,62.15,62,35.32,196,51.8,"AI","Manzara"
79,182,31.44,22,36.15,180,72.51,"AI","Manzara"
80,150,52,101,71.8,32,41.79,"AI","Manzara"
81,144,48.32,91,51.05,19,71.88,"AI","Manzara"
82,96,52.16,68,65.24,23,77.68,"AI","Manzara"
83,169,45.13,47,69.89,20,78.16,"AI","Manzara"
84,126,40.51,100,38.07,30,58.33,"AI","Manzara"
85,157,49.99,86,45.75,227,90.59,"AI","Manzara"
86,126,55.07,81,44.48,151,63.61,"AI","Manzara"
87,161,51.28,161,57.37,51,65.52,"AI","Manzara"
88,180,72.24,149,20.72,20,3.01,"AI","Manzara"
89,213,73.95,6,50.25,30,50.41,"AI","Manzara"
90,115,53.57,91,44.43,55,60.11,"AI","Manzara"
1,137,82.04,79,63.4,134,53.52,"Human","Manzara"
2,193,90.27,143,73.26,142,38.55,"Human","Manzara"
3,142,72.5,108,75.99,132,40.22,"Human","Manzara"
4,198,55.71,155,64.41,148,27.41,"Human","Manzara"
5,213,69.14,110,79.69,142,31.73,"Human","Manzara"
6,195,78.81,176,75.44,144,44.74,"Human","Manzara"
7,194,83.16,183,75.42,146,28.17,"Human","Manzara"
8,103,53.21,110,61.61,60,61.32,"Human","Manzara"
9,118,68.95,130,49.31,144,56.12,"Human","Manzara"
10,128,77.53,106,56.2,61,27.13,"Human","Manzara"
11,101,46.75,74,64.22,139,60.06,"Human","Manzara"
12,113,41.39,84,75.43,103,48.62,"Human","Manzara"
13,119,58.34,107,68.63,47,62.5,"Human","Manzara"
14,69,72.16,145,61.23,40,48.98,"Human","Manzara"
15,144,73.46,40,56.29,48,62.67,"Human","Manzara"
16,205,88.01,34,39.09,148,49.13,"Human","Manzara"
17,84,59.17,63,69.31,146,69.52,"Human","Manzara"
18,134,36.96,111,44,146,31.76,"Human","Manzara"
19,228,54.03,6,45.39,79,58.83,"Human","Manzara"
20,212,41.3,16,21.67,155,46.81,"Human","Manzara"
21,102,72.11,102,57.52,56,45.06,"Human","Manzara"
22,149,55.36,134,70.26,25,65.22,"Human","Manzara"
23,143,69.07,53,54.13,21,74.78,"Human","Manzara"
24,193,76.04,72,73.31,31,58.77,"Human","Manzara"
25,121,84.04,244,80.74,146,21.2,"Human","Manzara"
26,171,87.84,137,64.42,126,56.09,"Human","Manzara"
27,74,67.82,81,78.19,147,56.95,"Human","Manzara"
28,65,75.57,55,73.28,98,45.71,"Human","Manzara"
29,152,61.87,28,77.3,123,46.98,"Human","Manzara"
30,87,54.76,114,59.73,58,66.64,"Human","Manzara"
31,110,57.04,117,51.93,127,54.41,"Human","Manzara"
32,134,37.98,146,57.97,144,37.63,"Human","Manzara"
33,247,65.1,46,19.58,150,24.43,"Human","Manzara"
34,169,59.59,9,27.63,60,20.98,"Human","Manzara"
35,193,63.53,50,63.42,126,50.63,"Human","Manzara"
36,170,70.25,119,56.74,140,35.23,"Human","Manzara"
37,192,68.08,122,32.99,145,49.84,"Human","Manzara"
38,169,68.02,35,66.66,139,47.73,"Human","Manzara"
39,89,74.66,89,43.52,145,93.9,"Human","Manzara"
40,98,62.29,119,62.05,72,36.13,"Human","Manzara"
41,204,66.12,134,63.63,134,51.82,"Human","Manzara"
42,69,62.42,181,75.9,46,37.89,"Human","Manzara"
43,174,63.93,58,53.87,70,45.24,"Human","Manzara"
44,195,57.71,118,62.17,46,41.46,"Human","Manzara"
45,164,58.54,7,29.43,135,57.21,"Human","Manzara"
46,202,52.69,46,19.82,148,23.47,"Human","Manzara"
47,122,73.42,59,52.23,29,71.07,"Human","Manzara"
48,80,53.97,120,34.99,40,14.84,"Human","Manzara"
49,74,44.78,106,42.83,42,26.01,"Human","Manzara"
50,170,58.55,29,56.4,113,55.68,"Human","Manzara"
51,118,60.16,89,40.25,39,54.6,"Human","Manzara"
52,181,64.08,103,82.22,142,24.65,"Human","Manzara"
53,89,85.69,46,77.13,45,55.66,"Human","Manzara"
54,170,78.3,126,93.7,137,42.24,"Human","Manzara"
55,223,84.87,143,41.89,149,29.51,"Human","Manzara"
56,136,60.63,27,46.34,60,54.54,"Human","Manzara"
57,56,81.18,80,26.65,139,28.24,"Human","Manzara"
58,218,68.13,79,46.86,147,65.67,"Human","Manzara"
59,236,74.75,88,37.75,150,65.32,"Human","Manzara"
60,145,74.27,36,54.56,144,72,"Human","Manzara"
61,141,83.34,42,63.44,42,67.8,"Human","Manzara"
62,63,37.58,68,56.47,141,37.32,"Human","Manzara"
63,100,73.11,98,75.99,49,47.12,"Human","Manzara"
64,178,74.22,42,65.55,30,17.66,"Human","Manzara"
65,173,57.82,28,41.15,123,41.34,"Human","Manzara"
66,161,62.15,52,50.95,70,46.96,"Human","Manzara"
67,126,68.19,60,56.26,65,50.81,"Human","Manzara"
68,133,51.23,60,46.19,123,36.25,"Human","Manzara"
69,206,61.07,51,42.83,67,54.86,"Human","Manzara"
70,124,59.23,74,65.98,37,44.09,"Human","Manzara"
71,126,75.13,68,49.08,147,59.23,"Human","Manzara"
72,154,38.09,214,51.12,150,62.13,"Human","Manzara"
73,212,62.47,104,40.34,147,32.25,"Human","Manzara"
74,152,60.27,123,54.01,141,50.97,"Human","Manzara"
75,131,63.56,100,60.61,49,67.71,"Human","Manzara"
76,178,69.49,51,47.68,21,49.12,"Human","Manzara"
77,141,86.27,91,77.29,24,48.21,"Human","Manzara"
78,182,68.24,76,49.51,46,42.5,"Human","Manzara"
79,139,59.05,50,42.65,154,72.79,"Human","Manzara"
80,167,34.23,66,42.95,22,5.04,"Human","Manzara"
81,112,66.55,87,34.56,21,61.71,"Human","Manzara"
82,165,45.96,29,35.95,134,66.87,"Human","Manzara"
83,147,62.6,19,73.25,49,56.89,"Human","Manzara"
84,188,57.28,44,50.26,139,57.46,"Human","Manzara"
85,117,59.3,60,69.1,58,57.2,"Human","Manzara"
86,172,71.05,70,61.64,58,54.24,"Human","Manzara"
87,114,39.67,55,28.48,77,50.33,"Human","Manzara"
88,104,72.73,44,31.41,127,59.92,"Human","Manzara"
89,124,89.88,52,39.89,135,51.18,"Human","Manzara"
90,201,67.27,62,44.2,153,52.24,"Human","Manzara"
1,193,74.4,210,76.71,29,8.99,"AI","Soyut"
2,155,53.94,53,33.75,31,8.98,"AI","Soyut"
3,148,38.44,141,25.46,27,13.49,"AI","Soyut"
4,157,58.29,147,32.41,187,13.28,"AI","Soyut"
5,185,36.63,176,61.3,185,40.67,"AI","Soyut"
6,119,58.06,85,55.78,29,52.84,"AI","Soyut"
7,105,58.39,46,31.17,42,48.59,"AI","Soyut"
8,205,66.71,30,53.02,166,69.9,"AI","Soyut"
9,167,57.56,63,33.66,221,50.71,"AI","Soyut"
10,226,31.68,11,16.94,18,43.14,"AI","Soyut"
11,219,52.57,5,33.87,42,28.47,"AI","Soyut"
12,211,33.9,118,45.5,142,72.39,"AI","Soyut"
13,144,45.54,88,29.34,23,48.83,"AI","Soyut"
14,124,62.94,77,48.65,141,37.37,"AI","Soyut"
15,194,44.65,83,46.91,29,83.27,"AI","Soyut"
16,47,70.02,56,46.11,155,76.34,"AI","Soyut"
17,69,57.48,112,54.25,29,48.2,"AI","Soyut"
18,254,96.75,0,53.9,0,37.05,"AI","Soyut"
19,248,27.81,5,52.48,13,93.25,"AI","Soyut"
20,140,32.72,169,28.27,19,31.87,"AI","Soyut"
21,243,39.86,3,25.19,145,61.9,"AI","Soyut"
22,223,35.36,44,36.52,21,6.34,"AI","Soyut"
23,225,68.17,21,52.35,145,5.77,"AI","Soyut"
24,215,24.63,94,38.66,18,17.52,"AI","Soyut"
25,119,56,135,65.08,14,94.46,"AI","Soyut"
26,136,59.53,105,36.84,27,16.2,"AI","Soyut"
27,205,58.73,9,36.61,31,45.46,"AI","Soyut"
28,141,37.55,28,14.3,21,72.23,"AI","Soyut"
29,161,65.05,47,45.52,40,63.15,"AI","Soyut"
30,183,32.79,98,52.44,137,64.04,"AI","Soyut"
31,77,44.27,83,47.95,123,74.29,"AI","Soyut"
32,199,42.44,183,58.41,23,10.29,"AI","Soyut"
33,86,48.31,54,52.97,24,75.92,"AI","Soyut"
34,56,51.86,102,42.4,70,50.82,"AI","Soyut"
35,198,48.5,87,55.9,27,96.09,"AI","Soyut"
36,185,34.35,168,55.5,151,3.5,"AI","Soyut"
37,249,34.25,104,46.89,27,7.43,"AI","Soyut"
38,187,18.32,8,10.38,34,16.94,"AI","Soyut"
39,140,43.04,66,26.63,23,43.52,"AI","Soyut"
40,248,52.72,10,50.82,31,19.23,"AI","Soyut"
41,219,25.39,18,41.19,215,66.79,"AI","Soyut"
42,240,14.85,64,28.47,26,107.99,"AI","Soyut"
43,131,38.63,89,54.8,20,62.93,"AI","Soyut"
44,78,50.96,44,36.92,40,48.39,"AI","Soyut"
45,118,42.53,41,49.54,21,54.6,"AI","Soyut"
46,235,18.67,84,66.32,24,67.28,"AI","Soyut"
47,186,48.12,99,68.46,190,74.23,"AI","Soyut"
48,119,56.6,185,48.01,16,69.35,"AI","Soyut"
49,112,50.42,126,45.31,22,29.99,"AI","Soyut"
50,168,57.98,58,68.41,34,63.6,"AI","Soyut"
51,207,33.07,157,84.14,141,9.16,"AI","Soyut"
52,171,62.29,59,48.72,150,85.98,"AI","Soyut"
53,156,33.01,93,65.61,139,63.93,"AI","Soyut"
54,112,31.84,26,25.22,31,15.84,"AI","Soyut"
55,103,84.19,169,84.02,14,40.7,"AI","Soyut"
56,253,12.71,27,31.41,34,100.44,"AI","Soyut"
57,219,24.35,13,12.47,23,42.22,"AI","Soyut"
58,129,70.6,23,19.51,85,43.98,"AI","Soyut"
59,103,56.22,150,53.95,139,85.37,"AI","Soyut"
60,61,51.81,21,54.69,144,73.31,"AI","Soyut"
61,238,42.22,7,57.04,31,78.64,"AI","Soyut"
62,22,58.64,170,84.01,189,107.34,"AI","Soyut"
63,216,32.64,48,51.87,151,25.62,"AI","Soyut"
64,203,64.74,34,55.73,148,56.29,"AI","Soyut"
65,220,16.13,8,13.18,113,60.23,"AI","Soyut"
66,230,43.72,5,27.59,198,41.11,"AI","Soyut"
67,197,50.89,33,25.17,158,19.45,"AI","Soyut"
68,160,34,36,20.55,184,26.69,"AI","Soyut"
69,91,29.52,72,45.74,158,52.81,"AI","Soyut"
70,60,42.07,127,40.83,221,95.05,"AI","Soyut"
71,236,19.01,17,17.59,17,104.64,"AI","Soyut"
72,189,35.32,205,24.03,24,8.63,"AI","Soyut"
73,179,49.24,46,20.88,26,112.9,"AI","Soyut"
74,193,71.64,35,48.25,14,89.82,"AI","Soyut"
75,223,55.67,27,16.59,246,32.38,"AI","Soyut"
76,183,38.82,138,29.32,8,106.24,"AI","Soyut"
77,142,52.29,192,28.81,13,4.79,"AI","Soyut"
78,115,57.71,134,43,26,25.71,"AI","Soyut"
79,154,26.44,45,21.21,13,94.02,"AI","Soyut"
80,229,36.58,17,26.52,30,5.96,"AI","Soyut"
81,179,23.47,8,7.31,145,67.62,"AI","Soyut"
82,242,41.65,10,18.6,157,18.41,"AI","Soyut"
83,140,43.28,49,27.89,176,43.68,"AI","Soyut"
84,185,34.84,136,72.84,24,73.1,"AI","Soyut"
85,47,26.03,20,27.21,154,68.86,"AI","Soyut"
86,169,60.77,101,56.26,158,87.58,"AI","Soyut"
87,216,41.57,34,50.32,30,42.8,"AI","Soyut"
88,62,48.56,85,49.16,18,80.8,"AI","Soyut"
89,227,30.9,71,46.49,22,53.34,"AI","Soyut"
90,105,46.64,83,59.63,24,46.77,"AI","Soyut"
1,78,56.46,72,44.91,26,75.02,"Human","Soyut"
2,26,45.88,85,50.58,15,5.58,"Human","Soyut"
3,41,91.51,212,62.82,235,109.49,"Human","Soyut"
4,85,80.02,221,44.55,174,85.88,"Human","Soyut"
5,152,74.14,89,79.3,72,53.08,"Human","Soyut"
6,156,49.61,19,28.94,113,47.59,"Human","Soyut"
7,153,27.82,255,26.62,36,3.46,"Human","Soyut"
8,171,27.97,243,28.67,53,58.04,"Human","Soyut"
9,166,45.24,200,46.59,119,59.94,"Human","Soyut"
10,83,52.47,107,41.67,33,78.57,"Human","Soyut"
11,55,25.57,100,33.51,16,98.9,"Human","Soyut"
12,53,63.52,114,64.07,85,19.38,"Human","Soyut"
13,71,33.46,71,51.18,60,64.53,"Human","Soyut"
14,250,19.26,2,15.29,35,51.49,"Human","Soyut"
15,213,25.1,32,62.46,122,43.45,"Human","Soyut"
16,45,41.75,39,33.04,18,80.71,"Human","Soyut"
17,237,81.85,142,81.14,189,87.23,"Human","Soyut"
18,250,86.53,134,66.83,179,71.09,"Human","Soyut"
19,238,24.62,214,20.77,25,4.3,"Human","Soyut"
20,67,64.52,255,15.71,18,11.52,"Human","Soyut"
21,82,60.12,106,56.55,112,68.17,"Human","Soyut"
22,90,43.41,143,91.23,29,72.15,"Human","Soyut"
23,48,42.88,205,77.96,37,73.24,"Human","Soyut"
24,150,81.76,106,77.36,37,72.21,"Human","Soyut"
25,145,71.39,255,29.79,0,13.33,"Human","Soyut"
26,83,44.28,33,49.23,38,65.2,"Human","Soyut"
27,188,27.04,217,75.25,20,3.14,"Human","Soyut"
28,65,66.39,170,43.57,207,104.94,"Human","Soyut"
29,45,32.14,255,40.75,5,55.37,"Human","Soyut"
30,20,61.41,127,74.82,79,60.75,"Human","Soyut"
31,26,54.74,229,96.49,15,40.65,"Human","Soyut"
32,30,69.12,140,88.11,19,22.43,"Human","Soyut"
33,43,59.79,145,62.43,195,69.27,"Human","Soyut"
34,48,33.39,38,23.96,177,84.37,"Human","Soyut"
35,43,72.58,96,80.14,21,27.63,"Human","Soyut"
36,227,106.21,19,51.56,66,36.8,"Human","Soyut"
37,189,32.59,166,55.15,28,81.02,"Human","Soyut"
38,123,50.76,173,55.56,245,120,"Human","Soyut"
39,195,95.9,255,48.8,0,99.06,"Human","Soyut"
40,149,83.81,34,84.91,70,58.49,"Human","Soyut"
41,227,49.79,237,61.96,16,99.86,"Human","Soyut"
42,253,35.39,141,92.57,85,64.28,"Human","Soyut"
43,254,67.03,50,75.06,85,33.29,"Human","Soyut"
44,200,54.49,253,28.01,212,25.3,"Human","Soyut"
45,247,97.92,207,112.68,126,67.78,"Human","Soyut"
46,255,3.76,254,109.29,42,85.34,"Human","Soyut"
47,135,81.53,24,85.63,38,67.42,"Human","Soyut"
48,248,72.02,205,120.35,0,74.56,"Human","Soyut"
49,233,69.82,90,85.15,157,11.24,"Human","Soyut"
50,227,38.36,189,71.22,168,30.09,"Human","Soyut"
51,172,79.51,58,53.35,31,53.54,"Human","Soyut"
52,26,36.64,116,29.58,131,34.54,"Human","Soyut"
53,70,84.41,253,32.57,180,49.07,"Human","Soyut"
54,140,62.52,85,52.57,225,52.26,"Human","Soyut"
55,73,62.18,38,33.58,170,29.06,"Human","Soyut"
56,163,61.41,26,76.78,135,79.71,"Human","Soyut"
57,47,76.69,40,45.71,22,60.33,"Human","Soyut"
58,33,48.08,137,44.43,22,12.72,"Human","Soyut"
59,70,90.41,212,102.55,12,66.77,"Human","Soyut"
60,8,124.59,6,92.05,42,73.56,"Human","Soyut"
61,181,62.78,83,54.64,29,67.53,"Human","Soyut"
62,126,61.75,208,65.76,251,116.4,"Human","Soyut"
63,179,65.21,41,51.15,165,45.43,"Human","Soyut"
64,169,50.55,40,65.73,131,57.18,"Human","Soyut"
65,125,76.02,173,76.72,102,88.8,"Human","Soyut"
66,155,48.31,65,56.62,23,92.14,"Human","Soyut"
67,145,71.64,51,81.14,135,76.41,"Human","Soyut"
68,86,58.19,103,60.45,69,87.59,"Human","Soyut"
69,37,61.87,164,51.24,37,34.2,"Human","Soyut"
70,177,18.34,36,6.21,63,15.18,"Human","Soyut"
71,45,92.8,255,79.56,0,45.28,"Human","Soyut"
72,132,76.24,53,62.17,136,66.32,"Human","Soyut"
73,51,78.74,162,86.92,31,102,"Human","Soyut"
74,48,92.86,102,74.47,45,48.75,"Human","Soyut"
75,217,29.72,61,25.69,49,96.68,"Human","Soyut"
76,253,2.01,16,43.34,8,94.64,"Human","Soyut"
77,104,46.9,61,50.3,144,52.11,"Human","Soyut"
78,121,76.67,69,44.58,121,52.84,"Human","Soyut"
79,248,52.96,161,46.48,15,27.79,"Human","Soyut"
80,226,27.02,177,59.29,14,36.92,"Human","Soyut"
81,150,77.92,118,57.73,233,73.35,"Human","Soyut"
82,235,43.47,168,35.93,22,22.74,"Human","Soyut"
83,206,61.45,185,50.38,29,100.15,"Human","Soyut"
84,228,106.75,255,62.44,26,47.79,"Human","Soyut"
85,33,71.45,221,68.22,125,60.2,"Human","Soyut"
86,108,71.5,218,87.49,141,59.79,"Human","Soyut"
87,240,96.37,2,98.9,30,72.23,"Human","Soyut"
88,170,49.75,46,45.96,67,31.15,"Human","Soyut"
89,86,50.71,190,35.71,27,3.85,"Human","Soyut"
90,102,82.44,172,64.87,55,54.53,"Human","Soyut"
1,164,60.19,155,67.64,150,53.24,"AI","Kentsel"
2,98,47.44,61,61.76,171,50.71,"AI","Kentsel"
3,25,35.28,135,56.75,147,46.93,"AI","Kentsel"
4,209,51.17,8,36.73,139,87.28,"AI","Kentsel"
5,129,38.38,84,31.44,23,3.26,"AI","Kentsel"
6,183,64.71,13,33.07,205,89.43,"AI","Kentsel"
7,191,60.19,7,24.93,77,49.81,"AI","Kentsel"
8,42,58.55,47,37.46,26,44.1,"AI","Kentsel"
9,213,69.8,43,30.2,23,64.15,"AI","Kentsel"
10,38,56.46,126,59.52,139,66.04,"AI","Kentsel"
11,159,66.35,41,28.66,22,53.18,"AI","Kentsel"
12,254,44.28,0,23.22,0,39.21,"AI","Kentsel"
13,83,58.86,44,26.02,157,78.27,"AI","Kentsel"
14,125,50.36,86,37.04,158,34.26,"AI","Kentsel"
15,47,39.39,84,51.31,146,71.37,"AI","Kentsel"
16,89,52.82,96,44.07,165,61.46,"AI","Kentsel"
17,144,62.22,41,42.75,131,55.8,"AI","Kentsel"
18,131,57.56,37,39.74,18,71.73,"AI","Kentsel"
19,75,44.97,38,31.2,42,68.47,"AI","Kentsel"
20,195,56.58,20,17.86,42,36.32,"AI","Kentsel"
21,127,47.96,45,30.8,18,77.17,"AI","Kentsel"
22,169,65.4,48,28.34,21,65.88,"AI","Kentsel"
23,118,52.93,66,36.58,150,54.74,"AI","Kentsel"
24,201,51.12,64,42.2,138,58.91,"AI","Kentsel"
25,153,70.44,23,45.39,146,54.35,"AI","Kentsel"
26,77,61.81,27,40.41,127,60.82,"AI","Kentsel"
27,63,54.68,63,44.92,139,54.13,"AI","Kentsel"
28,203,64.43,20,39.38,172,75.69,"AI","Kentsel"
29,97,55.57,46,47.93,138,39.93,"AI","Kentsel"
30,101,65.57,146,39.71,22,13.89,"AI","Kentsel"
31,110,49.12,71,33.32,145,68.6,"AI","Kentsel"
32,218,54.02,21,12.75,21,15.64,"AI","Kentsel"
33,64,52.02,138,59.86,21,80.85,"AI","Kentsel"
34,74,57.09,49,26.07,146,34.7,"AI","Kentsel"
35,139,58.93,98,35.36,147,23.13,"AI","Kentsel"
36,104,55.12,38,32.24,135,33.31,"AI","Kentsel"
37,88,49.73,40,23.27,61,58.07,"AI","Kentsel"
38,144,69.11,25,14.28,36,24.32,"AI","Kentsel"
39,149,67.1,33,41.52,161,87.84,"AI","Kentsel"
40,158,40.68,66,28.91,148,50.03,"AI","Kentsel"
41,106,42.12,82,42.87,146,68.32,"AI","Kentsel"
42,126,64.37,44,40.77,148,65.18,"AI","Kentsel"
43,69,50.56,51,45.2,116,57.28,"AI","Kentsel"
44,88,57.63,50,50.6,144,68.55,"AI","Kentsel"
45,58,60.32,83,43.79,148,53.86,"AI","Kentsel"
46,97,43.22,64,47.98,136,39.49,"AI","Kentsel"
47,98,49.46,77,49.22,144,53.55,"AI","Kentsel"
48,193,30.69,32,26.16,135,43.01,"AI","Kentsel"
49,140,47.55,28,27.9,8,111.01,"AI","Kentsel"
50,100,34.41,63,33.86,143,68.42,"AI","Kentsel"
51,232,47.95,9,17.04,145,46.92,"AI","Kentsel"
52,180,48.39,114,40.03,146,21,"AI","Kentsel"
53,95,50.41,27,26.07,139,66.3,"AI","Kentsel"
54,119,48.78,36,31.15,140,59.93,"AI","Kentsel"
55,56,39.11,37,34.73,162,73.9,"AI","Kentsel"
56,71,45.51,71,43.58,138,38.71,"AI","Kentsel"
57,132,63.92,51,34.6,24,45.04,"AI","Kentsel"
58,152,55.13,42,45.52,25,43.4,"AI","Kentsel"
59,86,41.16,112,56.8,149,30.73,"AI","Kentsel"
60,119,46.68,132,75.47,154,68.58,"AI","Kentsel"
61,186,64.44,72,58.11,139,47.3,"AI","Kentsel"
62,84,40.81,83,38.77,158,74.64,"AI","Kentsel"
63,199,36.28,10,7.79,18,39.05,"AI","Kentsel"
64,146,60.09,14,21.69,127,68.55,"AI","Kentsel"
65,72,59.24,91,45.15,150,84.89,"AI","Kentsel"
66,173,60.31,18,21.04,142,38.59,"AI","Kentsel"
67,106,53.61,54,28.09,140,48.24,"AI","Kentsel"
68,99,51.71,84,43.25,146,32.57,"AI","Kentsel"
69,76,53.55,35,27.04,130,56.32,"AI","Kentsel"
70,69,45.4,101,43.67,135,30.04,"AI","Kentsel"
71,165,68.72,80,37.06,13,90.5,"AI","Kentsel"
72,84,54.23,24,51.87,135,84.86,"AI","Kentsel"
73,196,41.78,12,13.2,154,38.43,"AI","Kentsel"
74,102,40.26,27,16.31,143,59.52,"AI","Kentsel"
75,152,58.11,23,19.42,20,53.25,"AI","Kentsel"
76,165,56.05,64,46.22,147,45.96,"AI","Kentsel"
77,127,65.31,39,35.62,70,61.18,"AI","Kentsel"
78,222,64.87,27,46.33,150,40.17,"AI","Kentsel"
79,117,60.43,28,21.53,146,59.84,"AI","Kentsel"
80,179,57.87,80,62.96,145,47.09,"AI","Kentsel"
81,42,43.16,101,54.17,147,44.07,"AI","Kentsel"
82,98,52.64,82,44.62,158,48.38,"AI","Kentsel"
83,170,67.27,15,40.39,127,61.47,"AI","Kentsel"
84,125,51.32,42,35.61,127,52.74,"AI","Kentsel"
85,47,57.14,47,30.25,135,59.03,"AI","Kentsel"
86,122,55.36,100,57.33,146,20.36,"AI","Kentsel"
87,167,57.89,15,21.67,156,96.64,"AI","Kentsel"
88,62,49.76,15,10.23,70,48.42,"AI","Kentsel"
89,245,27.7,3,25.5,42,68.7,"AI","Kentsel"
90,101,52.49,44,63.7,125,65.6,"AI","Kentsel"
1,152,58.77,76,27.53,147,16.42,"Human","Kentsel"
2,163,74.51,14,39.5,42,61.86,"Human","Kentsel"
3,186,50.14,54,39.44,150,57.94,"Human","Kentsel"
4,253,74.1,3,33.4,26,45.51,"Human","Kentsel"
5,208,77.88,117,50.3,147,37.43,"Human","Kentsel"
6,221,76.43,30,33.35,158,49.65,"Human","Kentsel"
7,180,49.9,21,48.62,63,61.01,"Human","Kentsel"
8,181,64.43,49,39.34,144,47.36,"Human","Kentsel"
9,166,52.48,46,30.49,130,28.76,"Human","Kentsel"
10,186,54.31,31,17.3,123,26.45,"Human","Kentsel"
11,176,69.65,35,38.17,146,51.73,"Human","Kentsel"
12,184,51.63,8,23.79,127,62.07,"Human","Kentsel"
13,124,62.83,56,54.12,41,54.47,"Human","Kentsel"
14,114,63.52,63,60.57,36,55.63,"Human","Kentsel"
15,131,64.11,136,74.14,38,50.25,"Human","Kentsel"
16,131,61.95,126,75.95,37,50.31,"Human","Kentsel"
17,117,65.04,57,101.16,46,53.67,"Human","Kentsel"
18,128,65.51,83,52.28,130,55.35,"Human","Kentsel"
19,135,50.2,41,43.86,138,51.89,"Human","Kentsel"
20,105,73.86,32,41.81,68,42.62,"Human","Kentsel"
21,118,53.85,81,40.95,141,57.67,"Human","Kentsel"
22,154,68.35,79,49.48,135,55.7,"Human","Kentsel"
23,138,47.07,115,49.99,143,42.46,"Human","Kentsel"
24,133,55.16,143,59.17,143,21.28,"Human","Kentsel"
25,147,60.48,28,38.7,54,29.72,"Human","Kentsel"
26,186,42.47,35,22.55,77,57.12,"Human","Kentsel"
27,135,83.48,46,51.29,51,53.95,"Human","Kentsel"
28,173,76.52,81,62.9,145,62.11,"Human","Kentsel"
29,208,103.11,136,67.72,147,56.88,"Human","Kentsel"
30,176,69.64,40,29.39,141,58.05,"Human","Kentsel"
31,169,35.75,93,29.82,156,21.83,"Human","Kentsel"
32,121,43.15,180,68.49,152,45.51,"Human","Kentsel"
33,156,50.05,90,37.23,148,50.2,"Human","Kentsel"
34,105,68.64,72,30.65,150,58.03,"Human","Kentsel"
35,105,46.35,28,38.76,34,37.34,"Human","Kentsel"
36,100,71.19,36,41.98,81,44.03,"Human","Kentsel"
37,81,60.45,36,57.59,70,46.97,"Human","Kentsel"
38,144,75.93,36,42.35,158,37.7,"Human","Kentsel"
39,178,58.59,53,35.74,149,29.36,"Human","Kentsel"
40,82,53.32,172,83.16,130,35.85,"Human","Kentsel"
41,78,36.12,82,97.65,140,50.07,"Human","Kentsel"
42,161,44.18,31,21.68,141,64.95,"Human","Kentsel"
43,150,58.42,129,82.78,146,38,"Human","Kentsel"
44,164,49.13,40,25.97,142,41.51,"Human","Kentsel"
45,136,61.49,56,68,134,45.95,"Human","Kentsel"
46,110,60.91,36,42.06,139,47.01,"Human","Kentsel"
47,203,47.42,14,48.55,93,41.17,"Human","Kentsel"
48,123,68.1,37,54.27,127,58.34,"Human","Kentsel"
49,195,53.35,89,65.95,27,56.96,"Human","Kentsel"
50,223,68.79,166,54.22,145,23.23,"Human","Kentsel"
51,190,65.02,30,34.93,49,35.8,"Human","Kentsel"
52,189,65.92,31,34.16,49,36.78,"Human","Kentsel"
53,185,60.6,253,80.18,145,38.05,"Human","Kentsel"
54,116,55.15,34,33.6,116,65.57,"Human","Kentsel"
55,175,69.07,31,41.8,127,58.08,"Human","Kentsel"
56,138,61.19,54,50.59,98,50.77,"Human","Kentsel"
57,156,34.58,53,32.04,131,51.88,"Human","Kentsel"
58,190,47.12,42,29.37,140,39.92,"Human","Kentsel"
59,104,45.03,53,35.34,147,54.95,"Human","Kentsel"
60,179,62.93,55,36.37,24,64.37,"Human","Kentsel"
61,129,51.04,51,35.44,189,85.98,"Human","Kentsel"
62,111,56.85,52,51.96,147,66.69,"Human","Kentsel"
63,179,80.37,70,51.62,113,60.94,"Human","Kentsel"
64,148,70.6,19,33.5,79,27.78,"Human","Kentsel"
65,174,58.91,48,53.53,67,62.12,"Human","Kentsel"
66,182,68.31,59,42.6,146,39.97,"Human","Kentsel"
67,146,68.97,112,44.99,150,46.31,"Human","Kentsel"
68,182,51.44,36,25.77,122,21.31,"Human","Kentsel"
69,176,73.18,41,47.31,123,12.5,"Human","Kentsel"
70,103,54.53,63,61.44,134,49.03,"Human","Kentsel"
71,123,60.17,110,72.2,58,57.89,"Human","Kentsel"
72,154,64.92,80,57.46,122,53.23,"Human","Kentsel"
73,208,63.38,47,63.2,138,49.49,"Human","Kentsel"
74,102,66.7,57,44.19,24,57.26,"Human","Kentsel"
75,158,72.82,201,85.17,131,55.18,"Human","Kentsel"
76,156,60.59,62,40.4,158,72.51,"Human","Kentsel"
77,77,83.91,95,69.12,141,54.72,"Human","Kentsel"
78,101,73.85,28,30.08,141,48.24,"Human","Kentsel"
79,91,54.16,29,44.31,127,50,"Human","Kentsel"
80,167,73.07,68,52.39,152,48.39,"Human","Kentsel"
81,183,56.15,72,65.21,139,11.77,"Human","Kentsel"
82,89,55.89,46,31.87,98,50.28,"Human","Kentsel"
83,225,63.87,66,45.92,138,45.11,"Human","Kentsel"
84,105,62.84,31,41.68,70,53.41,"Human","Kentsel"
85,108,50.49,90,39.53,127,29.57,"Human","Kentsel"
86,197,57.3,18,52.6,132,47.26,"Human","Kentsel"
87,144,53.68,196,58.38,155,15.67,"Human","Kentsel"
88,191,48.48,190,71.32,143,8.99,"Human","Kentsel"
89,214,75.53,136,65.8,142,16.67,"Human","Kentsel"
90,181,71.13,39,47.19,129,32.9,"Human","Kentsel"
